{
    "user": 28,
    "1": {
        " Movie 1": 3.160881736526946,
        " Movie 2": 4.124434878587197,
        " Movie 9": 2.4180331125827816,
        " Movie 11": 3.1812172452407617
    },
    "2": {
        " Movie 11": 3.1812172452407617
    }
}